{"train_accuracy": 0.95, "valid_accuracy": 1.0, "_timestamp": 1722328602.093112, "_runtime": 2.68664288520813, "_step": 0, "_wandb": {"runtime": 2}}