{"train_accuracy": 0.9875, "valid_accuracy": 0.9, "_timestamp": 1722329431.3219619, "_runtime": 2.54343581199646, "_step": 0, "_wandb": {"runtime": 2}}