{"train_accuracy": 0.9625, "valid_accuracy": 0.95, "_timestamp": 1722328334.835716, "_runtime": 2.5317630767822266, "_step": 0, "_wandb": {"runtime": 2}}