,accuracy,f1_macro,f1_micro,f1_weighted
LogisticRegression,0.8161175422974176,0.6685102013579721,0.8161175422974176,0.8106609302789439
VotingClassifier,0.8121104185218165,0.656274180472915,0.8121104185218165,0.8077631209447897
SVC,0.8063223508459484,0.6590169558593678,0.8063223508459484,0.8002466781457226
GradientBoostingClassifier,0.7707034728406055,0.5733825167463314,0.7707034728406055,0.7647864978004083
RandomForestClassifier,0.6544968833481746,0.2794631711818573,0.6544968833481746,0.6225909375608356
DecisionTreeClassifier,0.6211041852181657,0.1545005540480078,0.6211041852181657,0.5769283128518846
