,accuracy,f1_macro,f1_micro,f1_weighted
VotingClassifier,0.8161175422974176,0.6798524252793823,0.8161175422974176,0.8116436383961777
LogisticRegression,0.8063223508459484,0.659969105510791,0.8063223508459484,0.8023771072245587
SVC,0.8036509349955476,0.6568536297657603,0.8036509349955476,0.7979978457565137
GradientBoostingClassifier,0.7684772929652716,0.5467660765016905,0.7684772929652716,0.7648713741314652
ComplementNB,0.7631344612644702,0.4632521219013089,0.7631344612644702,0.73802724090869
RandomForestClassifier,0.7123775601068566,0.3344873124755319,0.7123775601068566,0.6891112335614962
DecisionTreeClassifier,0.6188780053428317,0.1528216046845348,0.6188780053428317,0.5708476127528554
MultinomialNB,0.6362422083704363,0.0885293191876163,0.6362422083704363,0.5623849121282479
